Week,Date,Winner/tie,Loc,Loser/tie
1,9/9/21,Tampa Bay Buccaneers,,Dallas Cowboys
1,9/12/21,Philadelphia Eagles,@,Atlanta Falcons
1,9/12/21,Los Angeles Chargers,@,Washington Football Team
1,9/12/21,Pittsburgh Steelers,@,Buffalo Bills
1,9/12/21,Carolina Panthers,,New York Jets
1,9/12/21,Cincinnati Bengals,,Minnesota Vikings
1,9/12/21,Seattle Seahawks,@,Indianapolis Colts
1,9/12/21,Houston Texans,,Jacksonville Jaguars
1,9/12/21,Arizona Cardinals,@,Tennessee Titans
1,9/12/21,San Francisco 49ers,@,Detroit Lions
1,9/12/21,Kansas City Chiefs,,Cleveland Browns
1,9/12/21,New Orleans Saints,,Green Bay Packers
1,9/12/21,Denver Broncos,@,New York Giants
1,9/12/21,Miami Dolphins,@,New England Patriots
1,9/12/21,Los Angeles Rams,,Chicago Bears
1,9/13/21,Las Vegas Raiders,,Baltimore Ravens
2,9/16/21,Washington Football Team,,New York Giants
2,9/19/21,Chicago Bears,,Cincinnati Bengals
2,9/19/21,Denver Broncos,@,Jacksonville Jaguars
2,9/19/21,San Francisco 49ers,@,Philadelphia Eagles
2,9/19/21,Buffalo Bills,@,Miami Dolphins
2,9/19/21,Carolina Panthers,,New Orleans Saints
2,9/19/21,Cleveland Browns,,Houston Texans
2,9/19/21,Los Angeles Rams,@,Indianapolis Colts
2,9/19/21,New England Patriots,@,New York Jets
2,9/19/21,Las Vegas Raiders,@,Pittsburgh Steelers
2,9/19/21,Arizona Cardinals,,Minnesota Vikings
2,9/19/21,Tampa Bay Buccaneers,,Atlanta Falcons
2,9/19/21,Dallas Cowboys,@,Los Angeles Chargers
2,9/19/21,Tennessee Titans,@,Seattle Seahawks
2,9/19/21,Baltimore Ravens,,Kansas City Chiefs
2,9/20/21,Green Bay Packers,,Detroit Lions
3,9/23/21,Carolina Panthers,@,Houston Texans
3,9/26/21,Atlanta Falcons,@,New York Giants
3,9/26/21,Buffalo Bills,,Washington Football Team
3,9/26/21,Tennessee Titans,,Indianapolis Colts
3,9/26/21,Cleveland Browns,,Chicago Bears
3,9/26/21,Cincinnati Bengals,@,Pittsburgh Steelers
3,9/26/21,Arizona Cardinals,@,Jacksonville Jaguars
3,9/26/21,Baltimore Ravens,@,Detroit Lions
3,9/26/21,Los Angeles Chargers,@,Kansas City Chiefs
3,9/26/21,New Orleans Saints,@,New England Patriots
3,9/26/21,Las Vegas Raiders,,Miami Dolphins
3,9/26/21,Denver Broncos,,New York Jets
3,9/26/21,Minnesota Vikings,,Seattle Seahawks
3,9/26/21,Los Angeles Rams,,Tampa Bay Buccaneers
3,9/26/21,Green Bay Packers,@,San Francisco 49ers
3,9/27/21,Dallas Cowboys,,Philadelphia Eagles
4,9/30/21,Cincinnati Bengals,,Jacksonville Jaguars
4,10/3/21,Chicago Bears,,Detroit Lions
4,10/3/21,Cleveland Browns,@,Minnesota Vikings
4,10/3/21,Kansas City Chiefs,@,Philadelphia Eagles
4,10/3/21,New York Giants,@,New Orleans Saints
4,10/3/21,New York Jets,,Tennessee Titans
4,10/3/21,Washington Football Team,@,Atlanta Falcons
4,10/3/21,Buffalo Bills,,Houston Texans
4,10/3/21,Dallas Cowboys,,Carolina Panthers
4,10/3/21,Indianapolis Colts,@,Miami Dolphins
4,10/3/21,Arizona Cardinals,@,Los Angeles Rams
4,10/3/21,Seattle Seahawks,@,San Francisco 49ers
4,10/3/21,Baltimore Ravens,@,Denver Broncos
4,10/3/21,Green Bay Packers,,Pittsburgh Steelers
4,10/3/21,Tampa Bay Buccaneers,@,New England Patriots
4,10/4/21,Los Angeles Chargers,,Las Vegas Raiders
5,10/7/21,Los Angeles Rams,@,Seattle Seahawks
5,10/10/21,Atlanta Falcons,,New York Jets
5,10/10/21,Philadelphia Eagles,@,Carolina Panthers
5,10/10/21,Minnesota Vikings,,Detroit Lions
5,10/10/21,Tennessee Titans,@,Jacksonville Jaguars
5,10/10/21,Green Bay Packers,@,Cincinnati Bengals
5,10/10/21,Pittsburgh Steelers,,Denver Broncos
5,10/10/21,New England Patriots,@,Houston Texans
5,10/10/21,Tampa Bay Buccaneers,,Miami Dolphins
5,10/10/21,New Orleans Saints,@,Washington Football Team
5,10/10/21,Chicago Bears,@,Las Vegas Raiders
5,10/10/21,Los Angeles Chargers,,Cleveland Browns
5,10/10/21,Arizona Cardinals,,San Francisco 49ers
5,10/10/21,Dallas Cowboys,,New York Giants
5,10/10/21,Buffalo Bills,@,Kansas City Chiefs
5,10/11/21,Baltimore Ravens,,Indianapolis Colts
6,10/14/21,Tampa Bay Buccaneers,@,Philadelphia Eagles
6,10/17/21,Jacksonville Jaguars,,Miami Dolphins
6,10/17/21,Green Bay Packers,@,Chicago Bears
6,10/17/21,Cincinnati Bengals,@,Detroit Lions
6,10/17/21,Baltimore Ravens,,Los Angeles Chargers
6,10/17/21,Minnesota Vikings,@,Carolina Panthers
6,10/17/21,Indianapolis Colts,,Houston Texans
6,10/17/21,Kansas City Chiefs,@,Washington Football Team
6,10/17/21,Los Angeles Rams,@,New York Giants
6,10/17/21,Arizona Cardinals,@,Cleveland Browns
6,10/17/21,Dallas Cowboys,@,New England Patriots
6,10/17/21,Las Vegas Raiders,@,Denver Broncos
6,10/17/21,Pittsburgh Steelers,,Seattle Seahawks
6,10/18/21,Tennessee Titans,,Buffalo Bills
7,10/21/21,Cleveland Browns,,Denver Broncos
7,10/24/21,Atlanta Falcons,@,Miami Dolphins
7,10/24/21,New York Giants,,Carolina Panthers
7,10/24/21,Tennessee Titans,,Kansas City Chiefs
7,10/24/21,Cincinnati Bengals,@,Baltimore Ravens
7,10/24/21,Green Bay Packers,,Washington Football Team
7,10/24/21,New England Patriots,,New York Jets
7,10/24/21,Las Vegas Raiders,,Philadelphia Eagles
7,10/24/21,Los Angeles Rams,,Detroit Lions
7,10/24/21,Arizona Cardinals,,Houston Texans
7,10/24/21,Tampa Bay Buccaneers,,Chicago Bears
7,10/24/21,Indianapolis Colts,@,San Francisco 49ers
7,10/25/21,New Orleans Saints,@,Seattle Seahawks
8,10/28/21,Green Bay Packers,@,Arizona Cardinals
8,10/31/21,Pittsburgh Steelers,@,Cleveland Browns
8,10/31/21,San Francisco 49ers,@,Chicago Bears
8,10/31/21,Miami Dolphins,@,Buffalo Bills
8,10/31/21,Tennessee Titans,@,Indianapolis Colts
8,10/31/21,Cincinnati Bengals,@,New York Jets
8,10/31/21,Philadelphia Eagles,@,Detroit Lions
8,10/31/21,Los Angeles Rams,@,Houston Texans
8,10/31/21,Carolina Panthers,@,Atlanta Falcons
8,10/31/21,New England Patriots,@,Los Angeles Chargers
8,10/31/21,Jacksonville Jaguars,@,Seattle Seahawks
8,10/31/21,Washington Football Team,@,Denver Broncos
8,10/31/21,Tampa Bay Buccaneers,@,New Orleans Saints
8,10/31/21,Dallas Cowboys,@,Minnesota Vikings
8,11/1/21,New York Giants,@,Kansas City Chiefs
9,11/4/21,New York Jets,@,Indianapolis Colts
9,11/7/21,New England Patriots,@,Carolina Panthers
9,11/7/21,Atlanta Falcons,@,New Orleans Saints
9,11/7/21,Denver Broncos,@,Dallas Cowboys
9,11/7/21,Cleveland Browns,@,Cincinnati Bengals
9,11/7/21,Las Vegas Raiders,@,New York Giants
9,11/7/21,Buffalo Bills,@,Jacksonville Jaguars
9,11/7/21,Minnesota Vikings,@,Baltimore Ravens
9,11/7/21,Houston Texans,@,Miami Dolphins
9,11/7/21,Los Angeles Chargers,@,Philadelphia Eagles
9,11/7/21,Green Bay Packers,@,Kansas City Chiefs
9,11/7/21,Arizona Cardinals,@,San Francisco 49ers
9,11/7/21,Tennessee Titans,@,Los Angeles Rams
9,11/8/21,Chicago Bears,@,Pittsburgh Steelers
10,11/11/21,Baltimore Ravens,@,Miami Dolphins
10,11/14/21,Detroit Lions,@,Pittsburgh Steelers
10,11/14/21,Tampa Bay Buccaneers,@,Washington Football Team
10,11/14/21,Jacksonville Jaguars,@,Indianapolis Colts
10,11/14/21,Buffalo Bills,@,New York Jets
10,11/14/21,New Orleans Saints,@,Tennessee Titans
10,11/14/21,Atlanta Falcons,@,Dallas Cowboys
10,11/14/21,Cleveland Browns,@,New England Patriots
10,11/14/21,Minnesota Vikings,@,Los Angeles Chargers
10,11/14/21,Carolina Panthers,@,Arizona Cardinals
10,11/14/21,Philadelphia Eagles,@,Denver Broncos
10,11/14/21,Seattle Seahawks,@,Green Bay Packers
10,11/14/21,Kansas City Chiefs,@,Las Vegas Raiders
10,11/15/21,Los Angeles Rams,@,San Francisco 49ers
11,11/18/21,New England Patriots,@,Atlanta Falcons
11,11/21/21,Houston Texans,@,Tennessee Titans
11,11/21/21,San Francisco 49ers,@,Jacksonville Jaguars
11,11/21/21,Detroit Lions,@,Cleveland Browns
11,11/21/21,Miami Dolphins,@,New York Jets
11,11/21/21,Green Bay Packers,@,Minnesota Vikings
11,11/21/21,Indianapolis Colts,@,Buffalo Bills
11,11/21/21,Washington Football Team,@,Carolina Panthers
11,11/21/21,Baltimore Ravens,@,Chicago Bears
11,11/21/21,New Orleans Saints,@,Philadelphia Eagles
11,11/21/21,Cincinnati Bengals,@,Las Vegas Raiders
11,11/21/21,Dallas Cowboys,@,Kansas City Chiefs
11,11/21/21,Arizona Cardinals,@,Seattle Seahawks
11,11/21/21,Pittsburgh Steelers,@,Los Angeles Chargers
11,11/22/21,New York Giants,@,Tampa Bay Buccaneers
12,11/25/21,Chicago Bears,@,Detroit Lions
12,11/25/21,Las Vegas Raiders,@,Dallas Cowboys
12,11/25/21,Buffalo Bills,@,New Orleans Saints
12,11/28/21,Atlanta Falcons,@,Jacksonville Jaguars
12,11/28/21,New York Jets,@,Houston Texans
12,11/28/21,Tennessee Titans,@,New England Patriots
12,11/28/21,Tampa Bay Buccaneers,@,Indianapolis Colts
12,11/28/21,Philadelphia Eagles,@,New York Giants
12,11/28/21,Carolina Panthers,@,Miami Dolphins
12,11/28/21,Pittsburgh Steelers,@,Cincinnati Bengals
12,11/28/21,Los Angeles Chargers,@,Denver Broncos
12,11/28/21,Los Angeles Rams,@,Green Bay Packers
12,11/28/21,Minnesota Vikings,@,San Francisco 49ers
12,11/28/21,Cleveland Browns,@,Baltimore Ravens
12,11/29/21,Seattle Seahawks,@,Washington Football Team
13,12/2/21,Dallas Cowboys,@,New Orleans Saints
13,12/5/21,Philadelphia Eagles,@,New York Jets
13,12/5/21,Indianapolis Colts,@,Houston Texans
13,12/5/21,Minnesota Vikings,@,Detroit Lions
13,12/5/21,New York Giants,@,Miami Dolphins
13,12/5/21,Arizona Cardinals,@,Chicago Bears
13,12/5/21,Los Angeles Chargers,@,Cincinnati Bengals
13,12/5/21,Denver Broncos,@,Kansas City Chiefs
13,12/5/21,Tampa Bay Buccaneers,@,Atlanta Falcons
13,12/5/21,Washington Football Team,@,Las Vegas Raiders
13,12/5/21,Baltimore Ravens,@,Pittsburgh Steelers
13,12/5/21,Jacksonville Jaguars,@,Los Angeles Rams
13,12/5/21,San Francisco 49ers,@,Seattle Seahawks
13,12/6/21,New England Patriots,@,Buffalo Bills
14,12/9/21,Pittsburgh Steelers,@,Minnesota Vikings
14,12/12/21,Jacksonville Jaguars,@,Tennessee Titans
14,12/12/21,San Francisco 49ers,@,Cincinnati Bengals
14,12/12/21,New Orleans Saints,@,New York Jets
14,12/12/21,Atlanta Falcons,@,Carolina Panthers
14,12/12/21,Las Vegas Raiders,@,Kansas City Chiefs
14,12/12/21,Seattle Seahawks,@,Houston Texans
14,12/12/21,Baltimore Ravens,@,Cleveland Browns
14,12/12/21,Dallas Cowboys,@,Washington Football Team
14,12/12/21,New York Giants,@,Los Angeles Chargers
14,12/12/21,Detroit Lions,@,Denver Broncos
14,12/12/21,Buffalo Bills,@,Tampa Bay Buccaneers
14,12/12/21,Chicago Bears,@,Green Bay Packers
14,12/13/21,Los Angeles Rams,@,Arizona Cardinals
15,12/16/21,Kansas City Chiefs,@,Los Angeles Chargers
15,12/19/21,Green Bay Packers,@,Baltimore Ravens
15,12/19/21,Carolina Panthers,@,Buffalo Bills
15,12/19/21,Dallas Cowboys,@,New York Giants
15,12/19/21,New England Patriots,@,Indianapolis Colts
15,12/19/21,Washington Football Team,@,Philadelphia Eagles
15,12/19/21,Arizona Cardinals,@,Detroit Lions
15,12/19/21,New York Jets,@,Miami Dolphins
15,12/19/21,Houston Texans,@,Jacksonville Jaguars
15,12/19/21,Tennessee Titans,@,Pittsburgh Steelers
15,12/19/21,Las Vegas Raiders,@,Cleveland Browns
15,12/19/21,Cincinnati Bengals,@,Denver Broncos
15,12/19/21,Atlanta Falcons,@,San Francisco 49ers
15,12/19/21,Seattle Seahawks,@,Los Angeles Rams
15,12/19/21,New Orleans Saints,@,Tampa Bay Buccaneers
15,12/20/21,Minnesota Vikings,@,Chicago Bears
16,12/23/21,San Francisco 49ers,@,Tennessee Titans
16,12/25/21,Cleveland Browns,@,Green Bay Packers
16,12/25/21,Indianapolis Colts,@,Arizona Cardinals
16,12/26/21,New York Giants,@,Philadelphia Eagles
16,12/26/21,Baltimore Ravens,@,Cincinnati Bengals
16,12/26/21,Detroit Lions,@,Atlanta Falcons
16,12/26/21,Tampa Bay Buccaneers,@,Carolina Panthers
16,12/26/21,Jacksonville Jaguars,@,New York Jets
16,12/26/21,Buffalo Bills,@,New England Patriots
16,12/26/21,Los Angeles Rams,@,Minnesota Vikings
16,12/26/21,Los Angeles Chargers,@,Houston Texans
16,12/26/21,Chicago Bears,@,Seattle Seahawks
16,12/26/21,Denver Broncos,@,Las Vegas Raiders
16,12/26/21,Pittsburgh Steelers,@,Kansas City Chiefs
16,12/26/21,Washington Football Team,@,Dallas Cowboys
16,12/27/21,Miami Dolphins,@,New Orleans Saints
17,1/2/22,Arizona Cardinals,@,Dallas Cowboys
17,1/2/22,Kansas City Chiefs,@,Cincinnati Bengals
17,1/2/22,Atlanta Falcons,@,Buffalo Bills
17,1/2/22,Las Vegas Raiders,@,Indianapolis Colts
17,1/2/22,Miami Dolphins,@,Tennessee Titans
17,1/2/22,New York Giants,@,Chicago Bears
17,1/2/22,Philadelphia Eagles,@,Washington Football Team
17,1/2/22,Carolina Panthers,@,New Orleans Saints
17,1/2/22,Tampa Bay Buccaneers,@,New York Jets
17,1/2/22,Jacksonville Jaguars,@,New England Patriots
17,1/2/22,Houston Texans,@,San Francisco 49ers
17,1/2/22,Denver Broncos,@,Los Angeles Chargers
17,1/2/22,Los Angeles Rams,@,Baltimore Ravens
17,1/2/22,Detroit Lions,@,Seattle Seahawks
17,1/2/22,Minnesota Vikings,@,Green Bay Packers
17,1/3/22,Cleveland Browns,@,Pittsburgh Steelers
18,1/9/22,Indianapolis Colts,@,Jacksonville Jaguars
18,1/9/22,Cincinnati Bengals,@,Cleveland Browns
18,1/9/22,Carolina Panthers,@,Tampa Bay Buccaneers
18,1/9/22,Pittsburgh Steelers,@,Baltimore Ravens
18,1/9/22,New Orleans Saints,@,Atlanta Falcons
18,1/9/22,New York Jets,@,Buffalo Bills
18,1/9/22,Chicago Bears,@,Minnesota Vikings
18,1/9/22,Tennessee Titans,@,Houston Texans
18,1/9/22,Washington Football Team,@,New York Giants
18,1/9/22,Green Bay Packers,@,Detroit Lions
18,1/9/22,Dallas Cowboys,@,Philadelphia Eagles
18,1/9/22,New England Patriots,@,Miami Dolphins
18,1/9/22,San Francisco 49ers,@,Los Angeles Rams
18,1/9/22,Los Angeles Chargers,@,Las Vegas Raiders
18,1/9/22,Seattle Seahawks,@,Arizona Cardinals
18,1/9/22,Kansas City Chiefs,@,Denver Broncos